<?xml version="1.0" encoding="utf-8" standalone="yes" ?>
<T3DataStructure>
    <meta>
        <langDisable>1</langDisable>
    </meta>
    <sheets>
        <sDEF>
            <ROOT>
                <TCEforms>
                    <sheetTitle>LLL:EXT:bootstrap_package/Resources/Private/Language/Backend.xlf:settings</sheetTitle>
                </TCEforms>
                <type>array</type>
                <el>
                    <align>
                        <TCEforms>
                            <label>LLL:EXT:bootstrap_package/Resources/Private/Language/Backend.xlf:menu.thumbnail.align</label>
                            <config>
                                <type>select</type>
                                <renderType>selectSingle</renderType>
                                <default>left</default>
                                <items type="array">
                                    <numIndex index="0" type="array">
                                        <numIndex index="0">LLL:EXT:bootstrap_package/Resources/Private/Language/Backend.xlf:menu.thumbnail.align.left</numIndex>
                                        <numIndex index="1">left</numIndex>
                                    </numIndex>
                                    <numIndex index="1" type="array">
                                        <numIndex index="0">LLL:EXT:bootstrap_package/Resources/Private/Language/Backend.xlf:menu.thumbnail.align.center</numIndex>
                                        <numIndex index="1">center</numIndex>
                                    </numIndex>
                                    <numIndex index="2" type="array">
                                        <numIndex index="0">LLL:EXT:bootstrap_package/Resources/Private/Language/Backend.xlf:menu.thumbnail.align.right</numIndex>
                                        <numIndex index="1">right</numIndex>
                                    </numIndex>
                                </items>
                            </config>
                        </TCEforms>
                    </align>
                    <columns>
                        <TCEforms>
                            <label>LLL:EXT:bootstrap_package/Resources/Private/Language/Backend.xlf:menu.thumbnail.columns</label>
                            <config>
                                <type>select</type>
                                <renderType>selectSingle</renderType>
                                <default>2</default>
                                <items type="array">
                                    <numIndex index="0" type="array">
                                        <numIndex index="0">1</numIndex>
                                        <numIndex index="1">1</numIndex>
                                    </numIndex>
                                    <numIndex index="1" type="array">
                                        <numIndex index="0">2</numIndex>
                                        <numIndex index="1">2</numIndex>
                                    </numIndex>
                                    <numIndex index="2" type="array">
                                        <numIndex index="0">3</numIndex>
                                        <numIndex index="1">3</numIndex>
                                    </numIndex>
                                    <numIndex index="3" type="array">
                                        <numIndex index="0">4</numIndex>
                                        <numIndex index="1">4</numIndex>
                                    </numIndex>
                                </items>
                            </config>
                        </TCEforms>
                    </columns>
                </el>
            </ROOT>
        </sDEF>
    </sheets>
</T3DataStructure>
