<?xml version="1.0" encoding="utf-8" standalone="yes" ?>
<T3DataStructure>
    <meta>
        <langDisable>1</langDisable>
    </meta>
    <sheets>
        <sDEF>
            <ROOT>
                <TCEforms>
                    <sheetTitle>LLL:EXT:bootstrap_package/Resources/Private/Language/Backend.xlf:settings</sheetTitle>
                </TCEforms>
                <type>array</type>
                <el>
                    <behaviour>
                        <TCEforms>
                            <label>LLL:EXT:bootstrap_package/Resources/Private/Language/Backend.xlf:option.background_image.behaviour</label>
                            <config>
                                <type>select</type>
                                <renderType>selectSingle</renderType>
                                <default></default>
                                <items type="array">
                                    <numIndex index="0" type="array">
                                        <numIndex index="0">LLL:EXT:bootstrap_package/Resources/Private/Language/Backend.xlf:option.background_image.behaviour.cover</numIndex>
                                        <numIndex index="1">cover</numIndex>
                                    </numIndex>
                                    <numIndex index="1" type="array">
                                        <numIndex index="0">LLL:EXT:bootstrap_package/Resources/Private/Language/Backend.xlf:option.background_image.behaviour.pattern</numIndex>
                                        <numIndex index="1">pattern</numIndex>
                                    </numIndex>
                                </items>
                            </config>
                        </TCEforms>
                    </behaviour>
                    <parallax>
                        <TCEforms>
                            <label>LLL:EXT:bootstrap_package/Resources/Private/Language/Backend.xlf:option.background_image.parallax</label>
                            <config>
                                <type>check</type>
                                <default>0</default>
                                <items type="array">
                                    <numIndex index="0" type="array">
                                        <numIndex index="0">LLL:EXT:bootstrap_package/Resources/Private/Language/Backend.xlf:option.background_image.parallax.description</numIndex>
                                    </numIndex>
                                </items>
                            </config>
                        </TCEforms>
                    </parallax>
                    <fade>
                        <TCEforms>
                            <label>LLL:EXT:bootstrap_package/Resources/Private/Language/Backend.xlf:option.background_image.fade</label>
                            <config>
                                <type>check</type>
                                <default>0</default>
                                <items type="array">
                                    <numIndex index="0" type="array">
                                        <numIndex index="0">LLL:EXT:bootstrap_package/Resources/Private/Language/Backend.xlf:option.background_image.fade.description</numIndex>
                                    </numIndex>
                                </items>
                            </config>
                        </TCEforms>
                    </fade>
                    <filter>
                        <TCEforms>
                            <label>LLL:EXT:bootstrap_package/Resources/Private/Language/Backend.xlf:option.background_image.filter</label>
                            <config>
                                <type>select</type>
                                <renderType>selectSingle</renderType>
                                <default></default>
                                <items type="array">
                                    <numIndex index="0" type="array">
                                        <numIndex index="0">LLL:EXT:bootstrap_package/Resources/Private/Language/Backend.xlf:option.background_image.filter.none</numIndex>
                                        <numIndex index="1"></numIndex>
                                    </numIndex>
                                    <numIndex index="1" type="array">
                                        <numIndex index="0">LLL:EXT:bootstrap_package/Resources/Private/Language/Backend.xlf:option.background_image.filter.blur</numIndex>
                                        <numIndex index="1">blur</numIndex>
                                    </numIndex>
                                    <numIndex index="2" type="array">
                                        <numIndex index="0">LLL:EXT:bootstrap_package/Resources/Private/Language/Backend.xlf:option.background_image.filter.grayscale</numIndex>
                                        <numIndex index="1">grayscale</numIndex>
                                    </numIndex>
                                    <numIndex index="3" type="array">
                                        <numIndex index="0">LLL:EXT:bootstrap_package/Resources/Private/Language/Backend.xlf:option.background_image.filter.sepia</numIndex>
                                        <numIndex index="1">sepia</numIndex>
                                    </numIndex>
                                </items>
                            </config>
                        </TCEforms>
                    </filter>
                </el>
            </ROOT>
        </sDEF>
    </sheets>
</T3DataStructure>
